-- phpMyAdmin SQL Dump
-- version 5.1.1
-- https://www.phpmyadmin.net/
--
-- Host: 127.0.0.1
-- Generation Time: Oct 21, 2023 at 02:26 PM
-- Server version: 10.4.21-MariaDB
-- PHP Version: 8.1.12

SET SQL_MODE = "NO_AUTO_VALUE_ON_ZERO";
START TRANSACTION;
SET time_zone = "+00:00";


/*!40101 SET @OLD_CHARACTER_SET_CLIENT=@@CHARACTER_SET_CLIENT */;
/*!40101 SET @OLD_CHARACTER_SET_RESULTS=@@CHARACTER_SET_RESULTS */;
/*!40101 SET @OLD_COLLATION_CONNECTION=@@COLLATION_CONNECTION */;
/*!40101 SET NAMES utf8mb4 */;

--
-- Database: `medexsepeti`
--

-- --------------------------------------------------------

--
-- Table structure for table `brands`
--

CREATE TABLE `brands` (
  `id` bigint(20) UNSIGNED NOT NULL,
  `title` varchar(255) COLLATE utf8mb4_unicode_ci NOT NULL,
  `media_id` bigint(20) UNSIGNED DEFAULT NULL,
  `created_at` timestamp NULL DEFAULT NULL,
  `updated_at` timestamp NULL DEFAULT NULL
) ENGINE=InnoDB DEFAULT CHARSET=utf8mb4 COLLATE=utf8mb4_unicode_ci;

--
-- Dumping data for table `brands`
--

INSERT INTO `brands` (`id`, `title`, `media_id`, `created_at`, `updated_at`) VALUES
(1, 'voluptas est et', 11, '2023-10-20 23:16:13', '2023-10-20 23:16:13'),
(2, 'optio amet cupiditate', 3, '2023-10-20 23:16:13', '2023-10-20 23:16:13'),
(3, 'voluptatum provident', 25, '2023-10-20 23:16:13', '2023-10-20 23:16:13'),
(4, 'est', 3, '2023-10-20 23:16:13', '2023-10-20 23:16:13'),
(5, 'excepturi debitis', 31, '2023-10-20 23:16:13', '2023-10-20 23:16:13'),
(6, 'est vero', 16, '2023-10-20 23:16:13', '2023-10-20 23:16:13'),
(7, 'id exercitationem', 3, '2023-10-20 23:16:13', '2023-10-20 23:16:13'),
(8, 'veniam rerum', 4, '2023-10-20 23:16:13', '2023-10-20 23:16:13'),
(9, 'sequi', 28, '2023-10-20 23:16:13', '2023-10-20 23:16:13'),
(10, 'illum qui doloribus', 9, '2023-10-20 23:16:13', '2023-10-20 23:16:13'),
(11, 'sed quisquam', 2, '2023-10-20 23:16:13', '2023-10-20 23:16:13'),
(12, 'laborum excepturi', 6, '2023-10-20 23:16:13', '2023-10-20 23:16:13'),
(13, 'provident voluptatem omnis', 16, '2023-10-20 23:16:13', '2023-10-20 23:16:13'),
(14, 'ut sint', 9, '2023-10-20 23:16:13', '2023-10-20 23:16:13'),
(15, 'iusto ab', 32, '2023-10-20 23:16:13', '2023-10-20 23:16:13'),
(16, 'ipsa', 33, '2023-10-20 23:16:13', '2023-10-20 23:16:13'),
(17, 'id quae est', 5, '2023-10-20 23:16:13', '2023-10-20 23:16:13'),
(18, 'laboriosam voluptatem', 29, '2023-10-20 23:16:13', '2023-10-20 23:16:13'),
(19, 'ut a ipsa', 13, '2023-10-20 23:16:13', '2023-10-20 23:16:13'),
(20, 'nulla', 31, '2023-10-20 23:16:13', '2023-10-20 23:16:13');

-- --------------------------------------------------------

--
-- Table structure for table `categories`
--

CREATE TABLE `categories` (
  `id` bigint(20) UNSIGNED NOT NULL,
  `title` varchar(255) COLLATE utf8mb4_unicode_ci NOT NULL,
  `media_id` bigint(20) UNSIGNED DEFAULT NULL,
  `created_at` timestamp NULL DEFAULT NULL,
  `updated_at` timestamp NULL DEFAULT NULL
) ENGINE=InnoDB DEFAULT CHARSET=utf8mb4 COLLATE=utf8mb4_unicode_ci;

--
-- Dumping data for table `categories`
--

INSERT INTO `categories` (`id`, `title`, `media_id`, `created_at`, `updated_at`) VALUES
(1, 'ad aut', 2, '2023-10-20 23:16:13', '2023-10-20 23:16:13'),
(2, 'illum', 31, '2023-10-20 23:16:13', '2023-10-20 23:16:13'),
(3, 'tempora quod', 11, '2023-10-20 23:16:13', '2023-10-20 23:16:13'),
(4, 'vel', 13, '2023-10-20 23:16:13', '2023-10-20 23:16:13'),
(5, 'rerum corporis accusantium', 15, '2023-10-20 23:16:13', '2023-10-20 23:16:13'),
(6, 'aut', 13, '2023-10-20 23:16:13', '2023-10-20 23:16:13'),
(7, 'officiis placeat velit', 31, '2023-10-20 23:16:13', '2023-10-20 23:16:13'),
(8, 'veritatis', 35, '2023-10-20 23:16:13', '2023-10-20 23:16:13'),
(9, 'quod temporibus ratione', 12, '2023-10-20 23:16:13', '2023-10-20 23:16:13'),
(10, 'pariatur quod', 8, '2023-10-20 23:16:13', '2023-10-20 23:16:13'),
(11, 'culpa', 20, '2023-10-20 23:16:13', '2023-10-20 23:16:13'),
(12, 'aut nostrum', 2, '2023-10-20 23:16:13', '2023-10-20 23:16:13'),
(13, 'dolor', 23, '2023-10-20 23:16:13', '2023-10-20 23:16:13'),
(14, 'ullam sapiente qui', 29, '2023-10-20 23:16:13', '2023-10-20 23:16:13'),
(15, 'praesentium est', 31, '2023-10-20 23:16:13', '2023-10-20 23:16:13'),
(16, 'veniam voluptatem qui', 34, '2023-10-20 23:16:13', '2023-10-20 23:16:13'),
(17, 'molestiae doloremque voluptas', 15, '2023-10-20 23:16:13', '2023-10-20 23:16:13'),
(18, 'neque nulla et', 3, '2023-10-20 23:16:13', '2023-10-20 23:16:13'),
(19, 'aut fugit praesentium', 28, '2023-10-20 23:16:13', '2023-10-20 23:16:13'),
(20, 'quaerat voluptates et', 8, '2023-10-20 23:16:13', '2023-10-20 23:16:13');

-- --------------------------------------------------------

--
-- Table structure for table `media`
--

CREATE TABLE `media` (
  `id` bigint(20) UNSIGNED NOT NULL,
  `name` varchar(255) COLLATE utf8mb4_unicode_ci NOT NULL,
  `size` varchar(255) COLLATE utf8mb4_unicode_ci NOT NULL,
  `extension` varchar(255) COLLATE utf8mb4_unicode_ci NOT NULL,
  `type` varchar(255) COLLATE utf8mb4_unicode_ci NOT NULL,
  `path` varchar(255) COLLATE utf8mb4_unicode_ci NOT NULL,
  `created_at` timestamp NULL DEFAULT NULL,
  `updated_at` timestamp NULL DEFAULT NULL,
  `deleted_at` timestamp NULL DEFAULT NULL
) ENGINE=InnoDB DEFAULT CHARSET=utf8mb4 COLLATE=utf8mb4_unicode_ci;

--
-- Dumping data for table `media`
--

INSERT INTO `media` (`id`, `name`, `size`, `extension`, `type`, `path`, `created_at`, `updated_at`, `deleted_at`) VALUES
(1, 'dLGdW9p447PRG02MYuHXKcMwbTSzbTcQuCubGeoY.jpg', '85235', 'jpg', 'image/jpeg', 'uploads/images/dLGdW9p447PRG02MYuHXKcMwbTSzbTcQuCubGeoY.jpg', '2023-10-20 23:10:23', '2023-10-20 23:10:23', NULL),
(2, 'Cr6plLOyIdm9tvRFDePLTgmlOrlq8hYMz5wBC6fb.jpg', '76009', 'jpg', 'image/jpeg', 'uploads/images/Cr6plLOyIdm9tvRFDePLTgmlOrlq8hYMz5wBC6fb.jpg', '2023-10-20 23:10:32', '2023-10-20 23:10:32', NULL),
(3, 'NhcaM0pqn7SLuyrGuAjkrMseYxz9J2f95CjvGKNh.jpg', '23353', 'jpg', 'image/jpeg', 'uploads/images/NhcaM0pqn7SLuyrGuAjkrMseYxz9J2f95CjvGKNh.jpg', '2023-10-20 23:10:38', '2023-10-20 23:10:38', NULL),
(4, 'nCrhLBhpWAdKF6OztbjiOUwEdTYZX1BwonHR3OFj.jpg', '27639', 'jpg', 'image/jpeg', 'uploads/images/nCrhLBhpWAdKF6OztbjiOUwEdTYZX1BwonHR3OFj.jpg', '2023-10-20 23:10:44', '2023-10-20 23:10:44', NULL),
(5, 'Gb3H5i1IvRw7oDDz2bxe8YbmguIIb35Br20fO422.jpg', '75172', 'jpg', 'image/jpeg', 'uploads/images/Gb3H5i1IvRw7oDDz2bxe8YbmguIIb35Br20fO422.jpg', '2023-10-20 23:10:49', '2023-10-20 23:10:49', NULL),
(6, '5VIkOnxg8Zj4BWC3ytzuOPWBd2i8ED1Zx9jzqPxt.jpg', '64877', 'jpg', 'image/jpeg', 'uploads/images/5VIkOnxg8Zj4BWC3ytzuOPWBd2i8ED1Zx9jzqPxt.jpg', '2023-10-20 23:10:59', '2023-10-20 23:10:59', NULL),
(7, 'Xp7C2WCRIoOXamqBiWTTXS5WVkWkCPUeBjiOX730.jpg', '58296', 'jpg', 'image/jpeg', 'uploads/images/Xp7C2WCRIoOXamqBiWTTXS5WVkWkCPUeBjiOX730.jpg', '2023-10-20 23:11:03', '2023-10-20 23:11:03', NULL),
(8, 'aDtjLgPOhIUGHxZY0mSmQOz24kvLzqpiBiNRL6zJ.jpg', '18933', 'jpg', 'image/jpeg', 'uploads/images/aDtjLgPOhIUGHxZY0mSmQOz24kvLzqpiBiNRL6zJ.jpg', '2023-10-20 23:11:11', '2023-10-20 23:11:11', NULL),
(9, 'QLSt3bbO23SnWRHUAPH71pMLxeRUk4YlXT2MxXOi.jpg', '61821', 'jpg', 'image/jpeg', 'uploads/images/QLSt3bbO23SnWRHUAPH71pMLxeRUk4YlXT2MxXOi.jpg', '2023-10-20 23:11:16', '2023-10-20 23:11:16', NULL),
(10, '3vC5vnbW4e6yllDCXEQHM11f2pZhWWuz8kCXiNlw.jpg', '83965', 'jpg', 'image/jpeg', 'uploads/images/3vC5vnbW4e6yllDCXEQHM11f2pZhWWuz8kCXiNlw.jpg', '2023-10-20 23:11:22', '2023-10-20 23:11:22', NULL),
(11, 'b6oQAprwvemDWCnjtsUdSZudOpBuuYjvjSiSFtFG.jpg', '216606', 'jpg', 'image/jpeg', 'uploads/images/b6oQAprwvemDWCnjtsUdSZudOpBuuYjvjSiSFtFG.jpg', '2023-10-20 23:11:28', '2023-10-20 23:11:28', NULL),
(12, 'WHFxsySugqqr2XeIcGDRmty0vDYFPVYGwRxO13BO.jpg', '42784', 'jpg', 'image/jpeg', 'uploads/images/WHFxsySugqqr2XeIcGDRmty0vDYFPVYGwRxO13BO.jpg', '2023-10-20 23:11:41', '2023-10-20 23:11:41', NULL),
(13, 'xwijjJlyibMFbXo91w8dx1zjniHoXt5uNt1Kec5l.jpg', '25260', 'jpg', 'image/jpeg', 'uploads/images/xwijjJlyibMFbXo91w8dx1zjniHoXt5uNt1Kec5l.jpg', '2023-10-20 23:11:46', '2023-10-20 23:11:46', NULL),
(14, 'AgrnhdjsYXBJWWlM85wluNbpO5Br3T3W8YMuZAAV.jpg', '135797', 'jpg', 'image/jpeg', 'uploads/images/AgrnhdjsYXBJWWlM85wluNbpO5Br3T3W8YMuZAAV.jpg', '2023-10-20 23:11:53', '2023-10-20 23:11:53', NULL),
(15, 'Iss3r3sOUGAprCwd26RjNbHFFgf07GdOIZYThQv1.jpg', '20502', 'jpg', 'image/jpeg', 'uploads/images/Iss3r3sOUGAprCwd26RjNbHFFgf07GdOIZYThQv1.jpg', '2023-10-20 23:12:04', '2023-10-20 23:12:04', NULL),
(16, 'qeQ45NQh4fin4k4EdMonSoeT070Hix54kFNr7DBm.jpg', '18364', 'jpg', 'image/jpeg', 'uploads/images/qeQ45NQh4fin4k4EdMonSoeT070Hix54kFNr7DBm.jpg', '2023-10-20 23:13:09', '2023-10-20 23:13:09', NULL),
(17, 'Cr5YFOgW8Xv16quxlLNWBpboiKM7bohiDgvrwvAf.jpg', '35459', 'jpg', 'image/jpeg', 'uploads/images/Cr5YFOgW8Xv16quxlLNWBpboiKM7bohiDgvrwvAf.jpg', '2023-10-20 23:13:25', '2023-10-20 23:13:25', NULL),
(18, 'JaRZeGK8nlWS1kS1BfO0lEZmTYY1IZlwGjo72W68.jpg', '96092', 'jpg', 'image/jpeg', 'uploads/images/JaRZeGK8nlWS1kS1BfO0lEZmTYY1IZlwGjo72W68.jpg', '2023-10-20 23:13:30', '2023-10-20 23:13:30', NULL),
(19, 'PdBWhAz4opJEpQM0My2YDDhQ8fSEjV2XVncZkQln.jpg', '57724', 'jpg', 'image/jpeg', 'uploads/images/PdBWhAz4opJEpQM0My2YDDhQ8fSEjV2XVncZkQln.jpg', '2023-10-20 23:13:35', '2023-10-20 23:13:35', NULL),
(20, 'vTi7nXqlvXmTgRD8eTfKlNwVnZSjGA1Vkb3N6fjN.jpg', '73788', 'jpg', 'image/jpeg', 'uploads/images/vTi7nXqlvXmTgRD8eTfKlNwVnZSjGA1Vkb3N6fjN.jpg', '2023-10-20 23:13:41', '2023-10-20 23:13:41', NULL),
(21, 'XLXov8PMgBRXVtMWrltiq0LGg57tl19HsKefaxFe.jpg', '125139', 'jpg', 'image/jpeg', 'uploads/images/XLXov8PMgBRXVtMWrltiq0LGg57tl19HsKefaxFe.jpg', '2023-10-20 23:13:49', '2023-10-20 23:13:49', NULL),
(22, 'kBnnaARWQ7B4VZoTypJi0zlyC55ksqV3Cb4rjAY9.jpg', '33634', 'jpg', 'image/jpeg', 'uploads/images/kBnnaARWQ7B4VZoTypJi0zlyC55ksqV3Cb4rjAY9.jpg', '2023-10-20 23:13:55', '2023-10-20 23:13:55', NULL),
(23, 'QOXxrAVtUafq6yuL1QQCAo9J02QcGALyMX1BKdXn.jpg', '84487', 'jpg', 'image/jpeg', 'uploads/images/QOXxrAVtUafq6yuL1QQCAo9J02QcGALyMX1BKdXn.jpg', '2023-10-20 23:14:08', '2023-10-20 23:14:08', NULL),
(24, 'v3bZrADczsuuN9itvwidK7lJ4FugXYnj4QW7yo8x.jpg', '191897', 'jpg', 'image/jpeg', 'uploads/images/v3bZrADczsuuN9itvwidK7lJ4FugXYnj4QW7yo8x.jpg', '2023-10-20 23:14:19', '2023-10-20 23:14:19', NULL),
(25, 'hWlc0qBjnmKMxABVTc0MxCOgb0bf22HzDtSh06ZE.jpg', '60572', 'jpg', 'image/jpeg', 'uploads/images/hWlc0qBjnmKMxABVTc0MxCOgb0bf22HzDtSh06ZE.jpg', '2023-10-20 23:14:26', '2023-10-20 23:14:26', NULL),
(26, 'UHqPYkkKOobiw84gH6HjFXgwZryYMCHcByTXYgxc.jpg', '66062', 'jpg', 'image/jpeg', 'uploads/images/UHqPYkkKOobiw84gH6HjFXgwZryYMCHcByTXYgxc.jpg', '2023-10-20 23:14:33', '2023-10-20 23:14:33', NULL),
(27, 'uElInR6ubDSQ1dVGgeAeLBW5ELtwtjtt0kySQsZd.jpg', '27339', 'jpg', 'image/jpeg', 'uploads/images/uElInR6ubDSQ1dVGgeAeLBW5ELtwtjtt0kySQsZd.jpg', '2023-10-20 23:14:40', '2023-10-20 23:14:40', NULL),
(28, 'DYRJ3Lg2EAIRVyEXl8sAGWsmAFo7sNPETaT2eie8.jpg', '81086', 'jpg', 'image/jpeg', 'uploads/images/DYRJ3Lg2EAIRVyEXl8sAGWsmAFo7sNPETaT2eie8.jpg', '2023-10-20 23:14:45', '2023-10-20 23:14:45', NULL),
(29, 'DpJTgdEk9sVd0aYFfwsKCJpULWeovCb1MXQQ7A8h.png', '375702', 'png', 'image/png', 'uploads/images/DpJTgdEk9sVd0aYFfwsKCJpULWeovCb1MXQQ7A8h.png', '2023-10-20 23:14:58', '2023-10-20 23:14:58', NULL),
(30, 'FomrA0UWFFWyZAYKFY4Zo5tq7n0Rnq8xV1rkPRnG.jpg', '41595', 'jpg', 'image/jpeg', 'uploads/images/FomrA0UWFFWyZAYKFY4Zo5tq7n0Rnq8xV1rkPRnG.jpg', '2023-10-20 23:15:03', '2023-10-20 23:15:03', NULL),
(31, '4WeBJowXdgs9sZYNpJE0Y3DDPekIVeAtvtOtzu4j.jpg', '33489', 'jpg', 'image/jpeg', 'uploads/images/4WeBJowXdgs9sZYNpJE0Y3DDPekIVeAtvtOtzu4j.jpg', '2023-10-20 23:15:11', '2023-10-20 23:15:11', NULL),
(32, 'u6MqxR1cjleaXElZGCJbeHXcBlIN6rLDdm5WxA6W.jpg', '23144', 'jpg', 'image/jpeg', 'uploads/images/u6MqxR1cjleaXElZGCJbeHXcBlIN6rLDdm5WxA6W.jpg', '2023-10-20 23:15:19', '2023-10-20 23:15:19', NULL),
(33, 'gghjKJexpheNDGk5Kp7ccGMx91f7G5Xzif5VvYG5.jpg', '50333', 'jpg', 'image/jpeg', 'uploads/images/gghjKJexpheNDGk5Kp7ccGMx91f7G5Xzif5VvYG5.jpg', '2023-10-20 23:15:24', '2023-10-20 23:15:24', NULL),
(34, 'BuTcs73yCv9QFyajLqPom4cJ1qH6P8wz5Ncp7VOw.jpg', '100559', 'jpg', 'image/jpeg', 'uploads/images/BuTcs73yCv9QFyajLqPom4cJ1qH6P8wz5Ncp7VOw.jpg', '2023-10-20 23:15:31', '2023-10-20 23:15:31', NULL),
(35, '9AnkiwolHNdyw83tmzuCshG5YYusRVyXQiV4BPzv.jpg', '105239', 'jpg', 'image/jpeg', 'uploads/images/9AnkiwolHNdyw83tmzuCshG5YYusRVyXQiV4BPzv.jpg', '2023-10-20 23:15:36', '2023-10-20 23:15:36', NULL);

-- --------------------------------------------------------

--
-- Table structure for table `migrations`
--

CREATE TABLE `migrations` (
  `id` int(10) UNSIGNED NOT NULL,
  `migration` varchar(255) COLLATE utf8mb4_unicode_ci NOT NULL,
  `batch` int(11) NOT NULL
) ENGINE=InnoDB DEFAULT CHARSET=utf8mb4 COLLATE=utf8mb4_unicode_ci;

--
-- Dumping data for table `migrations`
--

INSERT INTO `migrations` (`id`, `migration`, `batch`) VALUES
(1, '2014_10_12_000000_create_users_table', 1),
(2, '2019_12_14_000001_create_personal_access_tokens_table', 1),
(3, '2021_02_02_1612356150_create_media_table', 1),
(4, '2023_10_20_193012_create_brands_table', 1),
(5, '2023_10_20_193136_create_categories_table', 1),
(6, '2023_10_20_193209_create_products_table', 1),
(7, '2023_10_20_193345_create_product_categories_table', 1),
(8, '2023_10_20_193408_create_orders_table', 1),
(9, '2023_10_20_193441_create_order_items_table', 1),
(11, '2023_10_21_015759_create_wishlists_table', 2);

-- --------------------------------------------------------

--
-- Table structure for table `orders`
--

CREATE TABLE `orders` (
  `id` bigint(20) UNSIGNED NOT NULL,
  `buyer_id` bigint(20) UNSIGNED NOT NULL,
  `total` decimal(15,2) NOT NULL,
  `created_at` timestamp NULL DEFAULT NULL,
  `updated_at` timestamp NULL DEFAULT NULL
) ENGINE=InnoDB DEFAULT CHARSET=utf8mb4 COLLATE=utf8mb4_unicode_ci;

--
-- Dumping data for table `orders`
--

INSERT INTO `orders` (`id`, `buyer_id`, `total`, `created_at`, `updated_at`) VALUES
(1, 19, '106.00', '2023-10-20 23:22:51', '2023-10-20 23:22:51'),
(2, 4, '329.00', '2023-10-20 23:22:51', '2023-10-20 23:22:51'),
(3, 13, '861.00', '2023-10-20 23:22:51', '2023-10-20 23:22:51'),
(4, 9, '247.00', '2023-10-20 23:22:51', '2023-10-20 23:22:51'),
(5, 10, '908.00', '2023-10-20 23:22:51', '2023-10-20 23:22:51'),
(6, 2, '317.00', '2023-10-20 23:22:51', '2023-10-20 23:22:51'),
(7, 3, '460.00', '2023-10-20 23:22:51', '2023-10-20 23:22:51'),
(8, 20, '688.00', '2023-10-20 23:22:51', '2023-10-20 23:22:51'),
(9, 10, '311.00', '2023-10-20 23:22:51', '2023-10-20 23:22:51'),
(10, 9, '107.00', '2023-10-20 23:22:51', '2023-10-20 23:22:51'),
(11, 16, '630.00', '2023-10-20 23:22:51', '2023-10-20 23:22:51'),
(12, 12, '187.00', '2023-10-20 23:22:51', '2023-10-20 23:22:51'),
(13, 15, '469.00', '2023-10-20 23:22:51', '2023-10-20 23:22:51'),
(14, 17, '528.00', '2023-10-20 23:22:51', '2023-10-20 23:22:51'),
(15, 19, '199.00', '2023-10-20 23:22:51', '2023-10-20 23:22:51'),
(16, 13, '720.00', '2023-10-20 23:22:51', '2023-10-20 23:22:51'),
(17, 18, '617.00', '2023-10-20 23:22:51', '2023-10-20 23:22:51'),
(18, 3, '112.00', '2023-10-20 23:22:51', '2023-10-20 23:22:51'),
(19, 16, '427.00', '2023-10-20 23:22:51', '2023-10-20 23:22:51'),
(20, 4, '425.00', '2023-10-20 23:22:51', '2023-10-20 23:22:51'),
(21, 1, '404.00', '2023-10-20 23:22:51', '2023-10-20 23:22:51'),
(22, 1, '312.00', '2023-10-20 23:22:51', '2023-10-20 23:22:51'),
(23, 15, '162.00', '2023-10-20 23:22:51', '2023-10-20 23:22:51'),
(24, 5, '244.00', '2023-10-20 23:22:51', '2023-10-20 23:22:51'),
(25, 16, '325.00', '2023-10-20 23:22:51', '2023-10-20 23:22:51'),
(26, 9, '472.00', '2023-10-20 23:22:51', '2023-10-20 23:22:51'),
(27, 20, '296.00', '2023-10-20 23:22:51', '2023-10-20 23:22:51'),
(28, 3, '403.00', '2023-10-20 23:22:51', '2023-10-20 23:22:51'),
(29, 4, '841.00', '2023-10-20 23:22:51', '2023-10-20 23:22:51'),
(30, 17, '939.00', '2023-10-20 23:22:51', '2023-10-20 23:22:51'),
(31, 5, '906.00', '2023-10-20 23:22:51', '2023-10-20 23:22:51'),
(32, 18, '532.00', '2023-10-20 23:22:51', '2023-10-20 23:22:51'),
(33, 7, '911.00', '2023-10-20 23:22:51', '2023-10-20 23:22:51'),
(34, 3, '563.00', '2023-10-20 23:22:51', '2023-10-20 23:22:51'),
(35, 9, '723.00', '2023-10-20 23:22:51', '2023-10-20 23:22:51'),
(36, 18, '318.00', '2023-10-20 23:22:51', '2023-10-20 23:22:51'),
(37, 14, '525.00', '2023-10-20 23:22:51', '2023-10-20 23:22:51'),
(38, 20, '134.00', '2023-10-20 23:22:51', '2023-10-20 23:22:51'),
(39, 7, '599.00', '2023-10-20 23:22:51', '2023-10-20 23:22:51'),
(40, 15, '642.00', '2023-10-20 23:22:51', '2023-10-20 23:22:51'),
(41, 12, '434.00', '2023-10-20 23:22:51', '2023-10-20 23:22:51'),
(42, 3, '360.00', '2023-10-20 23:22:51', '2023-10-20 23:22:51'),
(43, 12, '59.00', '2023-10-20 23:22:51', '2023-10-20 23:22:51'),
(44, 1, '840.00', '2023-10-20 23:22:51', '2023-10-20 23:22:51'),
(45, 9, '748.00', '2023-10-20 23:22:51', '2023-10-20 23:22:51'),
(46, 8, '264.00', '2023-10-20 23:22:51', '2023-10-20 23:22:51'),
(47, 18, '690.00', '2023-10-20 23:22:51', '2023-10-20 23:22:51'),
(48, 14, '274.00', '2023-10-20 23:22:51', '2023-10-20 23:22:51'),
(49, 1, '525.00', '2023-10-20 23:22:51', '2023-10-20 23:22:51'),
(50, 16, '825.00', '2023-10-20 23:22:51', '2023-10-20 23:22:51');

-- --------------------------------------------------------

--
-- Table structure for table `order_items`
--

CREATE TABLE `order_items` (
  `id` bigint(20) UNSIGNED NOT NULL,
  `order_id` bigint(20) UNSIGNED NOT NULL,
  `product_id` bigint(20) UNSIGNED NOT NULL,
  `price` decimal(10,2) NOT NULL,
  `quantity` int(11) NOT NULL,
  `created_at` timestamp NULL DEFAULT NULL,
  `updated_at` timestamp NULL DEFAULT NULL
) ENGINE=InnoDB DEFAULT CHARSET=utf8mb4 COLLATE=utf8mb4_unicode_ci;

--
-- Dumping data for table `order_items`
--

INSERT INTO `order_items` (`id`, `order_id`, `product_id`, `price`, `quantity`, `created_at`, `updated_at`) VALUES
(1, 48, 20, '783.00', 26, '2023-10-20 23:22:51', '2023-10-20 23:22:51'),
(2, 28, 19, '882.00', 77, '2023-10-20 23:22:51', '2023-10-20 23:22:51'),
(3, 34, 30, '51.00', 38, '2023-10-20 23:22:51', '2023-10-20 23:22:51'),
(4, 32, 18, '794.00', 18, '2023-10-20 23:22:51', '2023-10-20 23:22:51'),
(5, 32, 38, '72.00', 63, '2023-10-20 23:22:51', '2023-10-20 23:22:51'),
(6, 42, 49, '590.00', 63, '2023-10-20 23:22:51', '2023-10-20 23:22:51'),
(7, 48, 19, '695.00', 60, '2023-10-20 23:22:51', '2023-10-20 23:22:51'),
(8, 36, 15, '144.00', 77, '2023-10-20 23:22:51', '2023-10-20 23:22:51'),
(9, 43, 13, '464.00', 73, '2023-10-20 23:22:51', '2023-10-20 23:22:51'),
(10, 43, 37, '909.00', 27, '2023-10-20 23:22:51', '2023-10-20 23:22:51'),
(11, 3, 44, '666.00', 78, '2023-10-20 23:22:51', '2023-10-20 23:22:51'),
(12, 7, 30, '218.00', 34, '2023-10-20 23:22:51', '2023-10-20 23:22:51'),
(13, 33, 2, '275.00', 84, '2023-10-20 23:22:51', '2023-10-20 23:22:51'),
(14, 18, 36, '226.00', 85, '2023-10-20 23:22:51', '2023-10-20 23:22:51'),
(15, 16, 15, '235.00', 25, '2023-10-20 23:22:51', '2023-10-20 23:22:51'),
(16, 35, 44, '352.00', 1, '2023-10-20 23:22:51', '2023-10-20 23:22:51'),
(17, 40, 29, '139.00', 13, '2023-10-20 23:22:52', '2023-10-20 23:22:52'),
(18, 31, 16, '190.00', 62, '2023-10-20 23:22:52', '2023-10-20 23:22:52'),
(19, 21, 36, '992.00', 91, '2023-10-20 23:22:52', '2023-10-20 23:22:52'),
(20, 28, 16, '149.00', 56, '2023-10-20 23:22:52', '2023-10-20 23:22:52'),
(21, 4, 5, '605.00', 28, '2023-10-20 23:22:52', '2023-10-20 23:22:52'),
(22, 39, 37, '247.00', 68, '2023-10-20 23:22:52', '2023-10-20 23:22:52'),
(23, 7, 7, '985.00', 56, '2023-10-20 23:22:52', '2023-10-20 23:22:52'),
(24, 18, 43, '713.00', 23, '2023-10-20 23:22:52', '2023-10-20 23:22:52'),
(25, 50, 1, '715.00', 55, '2023-10-20 23:22:52', '2023-10-20 23:22:52'),
(26, 31, 27, '689.00', 520, '2023-10-20 23:22:52', '2023-10-20 23:22:52'),
(27, 42, 29, '350.00', 77, '2023-10-20 23:22:52', '2023-10-20 23:22:52'),
(28, 1, 44, '481.00', 55, '2023-10-20 23:22:52', '2023-10-20 23:22:52'),
(29, 37, 16, '172.00', 5, '2023-10-20 23:22:52', '2023-10-20 23:22:52'),
(30, 46, 44, '202.00', 39, '2023-10-20 23:22:52', '2023-10-20 23:22:52'),
(31, 16, 31, '500.00', 90, '2023-10-20 23:22:52', '2023-10-20 23:22:52'),
(32, 2, 41, '615.00', 0, '2023-10-20 23:22:52', '2023-10-20 23:22:52'),
(33, 11, 44, '825.00', 73, '2023-10-20 23:22:52', '2023-10-20 23:22:52'),
(34, 3, 21, '689.00', 77, '2023-10-20 23:22:52', '2023-10-20 23:22:52'),
(35, 28, 22, '595.00', 32, '2023-10-20 23:22:52', '2023-10-20 23:22:52'),
(36, 24, 14, '796.00', 13, '2023-10-20 23:22:52', '2023-10-20 23:22:52'),
(37, 44, 48, '276.00', 35, '2023-10-20 23:22:52', '2023-10-20 23:22:52'),
(38, 27, 12, '785.00', 42, '2023-10-20 23:22:52', '2023-10-20 23:22:52'),
(39, 30, 43, '464.00', 66, '2023-10-20 23:22:52', '2023-10-20 23:22:52'),
(40, 24, 23, '586.00', 25, '2023-10-20 23:22:52', '2023-10-20 23:22:52'),
(41, 22, 48, '719.00', 29, '2023-10-20 23:22:52', '2023-10-20 23:22:52'),
(42, 15, 22, '576.00', 67, '2023-10-20 23:22:52', '2023-10-20 23:22:52'),
(43, 19, 39, '500.00', 21, '2023-10-20 23:22:52', '2023-10-20 23:22:52'),
(44, 27, 7, '984.00', 540, '2023-10-20 23:22:52', '2023-10-20 23:22:52'),
(45, 45, 17, '100.00', 60, '2023-10-20 23:22:52', '2023-10-20 23:22:52'),
(46, 11, 26, '885.00', 29, '2023-10-20 23:22:52', '2023-10-20 23:22:52'),
(47, 17, 39, '774.00', 93, '2023-10-20 23:22:52', '2023-10-20 23:22:52'),
(48, 17, 28, '498.00', 36, '2023-10-20 23:22:52', '2023-10-20 23:22:52'),
(49, 7, 39, '984.00', 77, '2023-10-20 23:22:52', '2023-10-20 23:22:52'),
(50, 21, 31, '761.00', 88, '2023-10-20 23:22:52', '2023-10-20 23:22:52'),
(51, 41, 9, '510.00', 29, '2023-10-20 23:22:52', '2023-10-20 23:22:52'),
(52, 21, 17, '106.00', 36, '2023-10-20 23:22:52', '2023-10-20 23:22:52'),
(53, 35, 38, '783.00', 38, '2023-10-20 23:22:52', '2023-10-20 23:22:52'),
(54, 16, 19, '827.00', 56, '2023-10-20 23:22:52', '2023-10-20 23:22:52'),
(55, 39, 35, '338.00', 81, '2023-10-20 23:22:52', '2023-10-20 23:22:52'),
(56, 35, 4, '397.00', 28, '2023-10-20 23:22:52', '2023-10-20 23:22:52'),
(57, 23, 34, '637.00', 88, '2023-10-20 23:22:52', '2023-10-20 23:22:52'),
(58, 49, 8, '909.00', 18, '2023-10-20 23:22:52', '2023-10-20 23:22:52'),
(59, 29, 46, '45.00', 12, '2023-10-20 23:22:52', '2023-10-20 23:22:52'),
(60, 45, 46, '39.00', 32, '2023-10-20 23:22:52', '2023-10-20 23:22:52'),
(61, 43, 14, '515.00', 90, '2023-10-20 23:22:52', '2023-10-20 23:22:52'),
(62, 38, 21, '543.00', 54, '2023-10-20 23:22:52', '2023-10-20 23:22:52'),
(63, 2, 37, '136.00', 64, '2023-10-20 23:22:52', '2023-10-20 23:22:52'),
(64, 3, 21, '857.00', 22, '2023-10-20 23:22:52', '2023-10-20 23:22:52'),
(65, 4, 25, '839.00', 66, '2023-10-20 23:22:52', '2023-10-20 23:22:52'),
(66, 33, 50, '695.00', 93, '2023-10-20 23:22:52', '2023-10-20 23:22:52'),
(67, 27, 49, '54.00', 10, '2023-10-20 23:22:52', '2023-10-20 23:22:52'),
(68, 23, 24, '579.00', 66, '2023-10-20 23:22:52', '2023-10-20 23:22:52'),
(69, 9, 29, '357.00', 2, '2023-10-20 23:22:52', '2023-10-20 23:22:52'),
(70, 50, 5, '367.00', 79, '2023-10-20 23:22:52', '2023-10-20 23:22:52'),
(71, 17, 17, '672.00', 68, '2023-10-20 23:22:52', '2023-10-20 23:22:52'),
(72, 11, 32, '100.00', 41, '2023-10-20 23:22:52', '2023-10-20 23:22:52'),
(73, 15, 41, '180.00', 70, '2023-10-20 23:22:52', '2023-10-20 23:22:52'),
(74, 31, 46, '674.00', 44, '2023-10-20 23:22:52', '2023-10-20 23:22:52'),
(75, 43, 35, '630.00', 49, '2023-10-20 23:22:52', '2023-10-20 23:22:52'),
(76, 16, 6, '85.00', 37, '2023-10-20 23:22:52', '2023-10-20 23:22:52'),
(77, 32, 35, '160.00', 62, '2023-10-20 23:22:52', '2023-10-20 23:22:52'),
(78, 45, 9, '902.00', 50, '2023-10-20 23:22:52', '2023-10-20 23:22:52'),
(79, 3, 25, '824.00', 48, '2023-10-20 23:22:52', '2023-10-20 23:22:52'),
(80, 10, 17, '164.00', 88, '2023-10-20 23:22:52', '2023-10-20 23:22:52'),
(81, 30, 15, '508.00', 21, '2023-10-20 23:22:52', '2023-10-20 23:22:52'),
(82, 7, 19, '745.00', 38, '2023-10-20 23:22:52', '2023-10-20 23:22:52'),
(83, 40, 16, '268.00', 31, '2023-10-20 23:22:52', '2023-10-20 23:22:52'),
(84, 38, 3, '766.00', 10, '2023-10-20 23:22:52', '2023-10-20 23:22:52'),
(85, 31, 2, '153.00', 7, '2023-10-20 23:22:52', '2023-10-20 23:22:52'),
(86, 39, 47, '157.00', 12, '2023-10-20 23:22:52', '2023-10-20 23:22:52'),
(87, 8, 13, '396.00', 23, '2023-10-20 23:22:52', '2023-10-20 23:22:52'),
(88, 37, 16, '110.00', 6, '2023-10-20 23:22:52', '2023-10-20 23:22:52'),
(89, 45, 19, '680.00', 56, '2023-10-20 23:22:52', '2023-10-20 23:22:52'),
(90, 8, 18, '651.00', 22, '2023-10-20 23:22:52', '2023-10-20 23:22:52'),
(91, 47, 42, '971.00', 8, '2023-10-20 23:22:52', '2023-10-20 23:22:52'),
(92, 4, 22, '697.00', 71, '2023-10-20 23:22:52', '2023-10-20 23:22:52'),
(93, 46, 1, '821.00', 7, '2023-10-20 23:22:52', '2023-10-20 23:22:52'),
(94, 18, 3, '159.00', 15, '2023-10-20 23:22:52', '2023-10-20 23:22:52'),
(95, 14, 35, '13.00', 71, '2023-10-20 23:22:52', '2023-10-20 23:22:52'),
(96, 31, 26, '158.00', 39, '2023-10-20 23:22:52', '2023-10-20 23:22:52'),
(97, 29, 12, '732.00', 66, '2023-10-20 23:22:52', '2023-10-20 23:22:52'),
(98, 12, 3, '307.00', 1, '2023-10-20 23:22:52', '2023-10-20 23:22:52'),
(99, 23, 38, '499.00', 98, '2023-10-20 23:22:52', '2023-10-20 23:22:52'),
(100, 12, 31, '990.00', 1, '2023-10-20 23:22:52', '2023-10-20 23:22:52'),
(101, 5, 25, '536.00', 17, '2023-10-20 23:22:52', '2023-10-20 23:22:52'),
(102, 23, 45, '995.00', 14, '2023-10-20 23:22:52', '2023-10-20 23:22:52'),
(103, 2, 13, '477.00', 44, '2023-10-20 23:22:52', '2023-10-20 23:22:52'),
(104, 10, 22, '556.00', 73, '2023-10-20 23:22:52', '2023-10-20 23:22:52'),
(105, 5, 29, '105.00', 19, '2023-10-20 23:22:52', '2023-10-20 23:22:52'),
(106, 14, 39, '988.00', 82, '2023-10-20 23:22:52', '2023-10-20 23:22:52'),
(107, 31, 1, '90.00', 76, '2023-10-20 23:22:52', '2023-10-20 23:22:52'),
(108, 44, 2, '769.00', 36, '2023-10-20 23:22:52', '2023-10-20 23:22:52'),
(109, 42, 6, '973.00', 37, '2023-10-20 23:22:52', '2023-10-20 23:22:52'),
(110, 43, 22, '676.00', 65, '2023-10-20 23:22:52', '2023-10-20 23:22:52'),
(111, 37, 17, '785.00', 53, '2023-10-20 23:22:52', '2023-10-20 23:22:52'),
(112, 14, 30, '52.00', 50, '2023-10-20 23:22:52', '2023-10-20 23:22:52'),
(113, 31, 1, '161.00', 62, '2023-10-20 23:22:52', '2023-10-20 23:22:52'),
(114, 17, 10, '930.00', 73, '2023-10-20 23:22:52', '2023-10-20 23:22:52'),
(115, 42, 21, '214.00', 72, '2023-10-20 23:22:52', '2023-10-20 23:22:52'),
(116, 10, 35, '674.00', 58, '2023-10-20 23:22:52', '2023-10-20 23:22:52'),
(117, 6, 11, '572.00', 86, '2023-10-20 23:22:52', '2023-10-20 23:22:52'),
(118, 45, 31, '705.00', 29, '2023-10-20 23:22:52', '2023-10-20 23:22:52'),
(119, 36, 30, '132.00', 65, '2023-10-20 23:22:52', '2023-10-20 23:22:52'),
(120, 7, 1, '610.00', 35, '2023-10-20 23:22:52', '2023-10-20 23:22:52'),
(121, 31, 43, '43.00', 85, '2023-10-20 23:22:52', '2023-10-20 23:22:52'),
(122, 44, 10, '932.00', 76, '2023-10-20 23:22:52', '2023-10-20 23:22:52'),
(123, 36, 7, '231.00', 87, '2023-10-20 23:22:52', '2023-10-20 23:22:52'),
(124, 23, 5, '199.00', 42, '2023-10-20 23:22:52', '2023-10-20 23:22:52'),
(125, 8, 16, '184.00', 95, '2023-10-20 23:22:52', '2023-10-20 23:22:52'),
(126, 8, 28, '406.00', 7, '2023-10-20 23:22:52', '2023-10-20 23:22:52'),
(127, 9, 44, '551.00', 72, '2023-10-20 23:22:52', '2023-10-20 23:22:52'),
(128, 22, 50, '202.00', 75, '2023-10-20 23:22:52', '2023-10-20 23:22:52'),
(129, 26, 17, '493.00', 35, '2023-10-20 23:22:52', '2023-10-20 23:22:52'),
(130, 15, 35, '862.00', 91, '2023-10-20 23:22:52', '2023-10-20 23:22:52'),
(131, 30, 28, '696.00', 10, '2023-10-20 23:22:52', '2023-10-20 23:22:52'),
(132, 30, 44, '875.00', 90, '2023-10-20 23:22:52', '2023-10-20 23:22:52'),
(133, 35, 14, '143.00', 43, '2023-10-20 23:22:52', '2023-10-20 23:22:52'),
(134, 7, 5, '815.00', 92, '2023-10-20 23:22:52', '2023-10-20 23:22:52'),
(135, 29, 7, '878.00', 82, '2023-10-20 23:22:52', '2023-10-20 23:22:52'),
(136, 9, 34, '192.00', 38, '2023-10-20 23:22:52', '2023-10-20 23:22:52'),
(137, 27, 7, '997.00', 27, '2023-10-20 23:22:52', '2023-10-20 23:22:52'),
(138, 10, 28, '995.00', 82, '2023-10-20 23:22:52', '2023-10-20 23:22:52'),
(139, 31, 32, '338.00', 38, '2023-10-20 23:22:52', '2023-10-20 23:22:52'),
(140, 17, 18, '514.00', 69, '2023-10-20 23:22:52', '2023-10-20 23:22:52'),
(141, 22, 32, '113.00', 0, '2023-10-20 23:22:52', '2023-10-20 23:22:52'),
(142, 21, 23, '471.00', 65, '2023-10-20 23:22:52', '2023-10-20 23:22:52'),
(143, 32, 20, '105.00', 11, '2023-10-20 23:22:52', '2023-10-20 23:22:52'),
(144, 1, 49, '545.00', 64, '2023-10-20 23:22:52', '2023-10-20 23:22:52'),
(145, 14, 10, '449.00', 42, '2023-10-20 23:22:52', '2023-10-20 23:22:52'),
(146, 48, 22, '204.00', 4, '2023-10-20 23:22:52', '2023-10-20 23:22:52'),
(147, 11, 44, '840.00', 42, '2023-10-20 23:22:52', '2023-10-20 23:22:52'),
(148, 39, 40, '73.00', 34, '2023-10-20 23:22:52', '2023-10-20 23:22:52'),
(149, 32, 31, '111.00', 49, '2023-10-20 23:22:52', '2023-10-20 23:22:52'),
(150, 36, 47, '824.00', 100, '2023-10-20 23:22:52', '2023-10-20 23:22:52'),
(151, 8, 41, '467.00', 91, '2023-10-20 23:22:52', '2023-10-20 23:22:52'),
(152, 46, 26, '441.00', 84, '2023-10-20 23:22:52', '2023-10-20 23:22:52'),
(153, 48, 5, '46.00', 20, '2023-10-20 23:22:52', '2023-10-20 23:22:52'),
(154, 9, 19, '510.00', 83, '2023-10-20 23:22:52', '2023-10-20 23:22:52'),
(155, 42, 2, '22.00', 11, '2023-10-20 23:22:52', '2023-10-20 23:22:52'),
(156, 48, 37, '952.00', 51, '2023-10-20 23:22:52', '2023-10-20 23:22:52'),
(157, 13, 42, '819.00', 33, '2023-10-20 23:22:52', '2023-10-20 23:22:52'),
(158, 7, 19, '998.00', 78, '2023-10-20 23:22:52', '2023-10-20 23:22:52'),
(159, 46, 20, '859.00', 74, '2023-10-20 23:22:52', '2023-10-20 23:22:52'),
(160, 35, 28, '178.00', 34, '2023-10-20 23:22:52', '2023-10-20 23:22:52'),
(161, 43, 34, '79.00', 74, '2023-10-20 23:22:52', '2023-10-20 23:22:52'),
(162, 33, 29, '762.00', 68, '2023-10-20 23:22:52', '2023-10-20 23:22:52'),
(163, 32, 30, '903.00', 94, '2023-10-20 23:22:52', '2023-10-20 23:22:52'),
(164, 8, 11, '899.00', 49, '2023-10-20 23:22:52', '2023-10-20 23:22:52'),
(165, 12, 30, '660.00', 64, '2023-10-20 23:22:52', '2023-10-20 23:22:52'),
(166, 9, 1, '339.00', 15, '2023-10-20 23:22:52', '2023-10-20 23:22:52'),
(167, 44, 1, '589.00', 40, '2023-10-20 23:22:52', '2023-10-20 23:22:52'),
(168, 44, 12, '920.00', 70, '2023-10-20 23:22:52', '2023-10-20 23:22:52'),
(169, 50, 31, '981.00', 8, '2023-10-20 23:22:52', '2023-10-20 23:22:52'),
(170, 42, 30, '16.00', 20, '2023-10-20 23:22:52', '2023-10-20 23:22:52'),
(171, 18, 2, '507.00', 4, '2023-10-20 23:22:52', '2023-10-20 23:22:52'),
(172, 30, 31, '115.00', 11, '2023-10-20 23:22:52', '2023-10-20 23:22:52'),
(173, 32, 40, '77.00', 82, '2023-10-20 23:22:52', '2023-10-20 23:22:52'),
(174, 18, 12, '572.00', 60, '2023-10-20 23:22:52', '2023-10-20 23:22:52'),
(175, 6, 22, '759.00', 25, '2023-10-20 23:22:52', '2023-10-20 23:22:52'),
(176, 34, 5, '679.00', 12, '2023-10-20 23:22:52', '2023-10-20 23:22:52'),
(177, 3, 11, '681.00', 37, '2023-10-20 23:22:52', '2023-10-20 23:22:52'),
(178, 3, 43, '859.00', 51, '2023-10-20 23:22:52', '2023-10-20 23:22:52'),
(179, 21, 13, '69.00', 85, '2023-10-20 23:22:52', '2023-10-20 23:22:52'),
(180, 39, 29, '187.00', 70, '2023-10-20 23:22:52', '2023-10-20 23:22:52'),
(181, 45, 48, '673.00', 35, '2023-10-20 23:22:52', '2023-10-20 23:22:52'),
(182, 44, 12, '573.00', 48, '2023-10-20 23:22:52', '2023-10-20 23:22:52'),
(183, 14, 12, '97.00', 41, '2023-10-20 23:22:52', '2023-10-20 23:22:52'),
(184, 30, 33, '763.00', 29, '2023-10-20 23:22:52', '2023-10-20 23:22:52'),
(185, 32, 2, '943.00', 77, '2023-10-20 23:22:52', '2023-10-20 23:22:52'),
(186, 21, 3, '828.00', 21, '2023-10-20 23:22:52', '2023-10-20 23:22:52'),
(187, 29, 13, '759.00', 27, '2023-10-20 23:22:52', '2023-10-20 23:22:52'),
(188, 24, 31, '852.00', 82, '2023-10-20 23:22:52', '2023-10-20 23:22:52'),
(189, 30, 12, '664.00', 21, '2023-10-20 23:22:52', '2023-10-20 23:22:52'),
(190, 16, 2, '354.00', 92, '2023-10-20 23:22:52', '2023-10-20 23:22:52'),
(191, 20, 45, '704.00', 33, '2023-10-20 23:22:52', '2023-10-20 23:22:52'),
(192, 19, 45, '968.00', 30, '2023-10-20 23:22:52', '2023-10-20 23:22:52'),
(193, 3, 10, '221.00', 48, '2023-10-20 23:22:52', '2023-10-20 23:22:52'),
(194, 37, 23, '756.00', 83, '2023-10-20 23:22:52', '2023-10-20 23:22:52'),
(195, 22, 7, '113.00', 79, '2023-10-20 23:22:52', '2023-10-20 23:22:52'),
(196, 7, 49, '656.00', 92, '2023-10-20 23:22:52', '2023-10-20 23:22:52'),
(197, 12, 1, '718.00', 19, '2023-10-20 23:22:52', '2023-10-20 23:22:52'),
(198, 48, 10, '216.00', 44, '2023-10-20 23:22:52', '2023-10-20 23:22:52'),
(199, 21, 24, '968.00', 47, '2023-10-20 23:22:52', '2023-10-20 23:22:52'),
(200, 49, 29, '779.00', 14, '2023-10-20 23:22:52', '2023-10-20 23:22:52');

-- --------------------------------------------------------

--
-- Table structure for table `personal_access_tokens`
--

CREATE TABLE `personal_access_tokens` (
  `id` bigint(20) UNSIGNED NOT NULL,
  `tokenable_type` varchar(255) COLLATE utf8mb4_unicode_ci NOT NULL,
  `tokenable_id` bigint(20) UNSIGNED NOT NULL,
  `name` varchar(255) COLLATE utf8mb4_unicode_ci NOT NULL,
  `token` varchar(64) COLLATE utf8mb4_unicode_ci NOT NULL,
  `abilities` text COLLATE utf8mb4_unicode_ci DEFAULT NULL,
  `last_used_at` timestamp NULL DEFAULT NULL,
  `created_at` timestamp NULL DEFAULT NULL,
  `updated_at` timestamp NULL DEFAULT NULL
) ENGINE=InnoDB DEFAULT CHARSET=utf8mb4 COLLATE=utf8mb4_unicode_ci;

-- --------------------------------------------------------

--
-- Table structure for table `products`
--

CREATE TABLE `products` (
  `id` bigint(20) UNSIGNED NOT NULL,
  `title` text COLLATE utf8mb4_unicode_ci NOT NULL,
  `description` text COLLATE utf8mb4_unicode_ci DEFAULT NULL,
  `price` decimal(5,2) DEFAULT 0.00,
  `views` bigint(20) UNSIGNED DEFAULT 0,
  `promoted` int(1) DEFAULT 0,
  `media_id` bigint(20) UNSIGNED DEFAULT NULL,
  `created_at` timestamp NULL DEFAULT NULL,
  `updated_at` timestamp NULL DEFAULT NULL
) ENGINE=InnoDB DEFAULT CHARSET=utf8mb4 COLLATE=utf8mb4_unicode_ci;

--
-- Dumping data for table `products`
--

INSERT INTO `products` (`id`, `title`, `description`, `price`, `views`, `promoted`, `media_id`, `created_at`, `updated_at`) VALUES
(1, 'optio', 'Ea omnis id neque unde debitis reprehenderit sed.', '527.00', 9, 0, 32, '2023-10-20 23:22:51', '2023-10-20 23:22:51'),
(2, 'dicta', 'Temporibus maxime dolores nemo accusantium ut.', '149.00', 11, 0, 1, '2023-10-20 23:22:51', '2023-10-20 23:22:51'),
(3, 'aliquam eum cumque', 'Molestiae qui soluta qui et illo quae ut. Est est beatae omnis reprehenderit aliquid ratione nemo.', '338.00', 65, 0, 4, '2023-10-20 23:22:51', '2023-10-20 23:22:51'),
(4, 'dolores', 'Occaecati non beatae quo quo sed. Est quibusdam non qui iure ut repudiandae.', '383.00', 8, 0, 5, '2023-10-20 23:22:51', '2023-10-20 23:22:51'),
(5, 'et qui', 'Aliquam quo voluptatem ut enim aliquid eius.', '276.00', 3, 0, 8, '2023-10-20 23:22:51', '2023-10-20 23:22:51'),
(6, 'repudiandae nesciunt', 'Et libero excepturi ullam et voluptates. Accusamus ullam amet ullam et quo iste quae aperiam.', '580.00', 22, 0, 27, '2023-10-20 23:22:51', '2023-10-20 23:22:51'),
(7, 'quos animi', 'Eius et velit facilis at consectetur ut.', '484.00', 80, 1, 18, '2023-10-20 23:22:51', '2023-10-20 23:22:51'),
(8, 'quod', 'Consectetur commodi quis commodi quis qui. Odio optio quo ut molestiae consequatur nulla.', '48.00', 7, 0, 34, '2023-10-20 23:22:51', '2023-10-20 23:22:51'),
(9, 'ab', 'Ipsam id incidunt et officiis eos et neque.', '416.00', 9, 0, 3, '2023-10-20 23:22:51', '2023-10-20 23:22:51'),
(10, 'eveniet', 'Quia est est perspiciatis sunt natus.', '529.00', 21, 0, 8, '2023-10-20 23:22:51', '2023-10-20 23:22:51'),
(11, 'dignissimos ut', 'Qui sed omnis sint beatae id.', '40.00', 25, 0, 18, '2023-10-20 23:22:51', '2023-10-20 23:22:51'),
(12, 'aut est', 'Minus sed ut quaerat eum laudantium id earum.', '577.00', 27, 0, 19, '2023-10-20 23:22:51', '2023-10-20 23:22:51'),
(13, 'qui', 'Dolorem possimus rerum debitis accusantium vel. Cupiditate aut vel vel ex.', '508.00', 63, 0, 17, '2023-10-20 23:22:51', '2023-10-20 23:22:51'),
(14, 'et', 'Veniam molestiae fuga sit asperiores dolorem. Quos rem quia enim ut commodi non ut.', '608.00', 14, 0, 34, '2023-10-20 23:22:51', '2023-10-20 23:22:51'),
(15, 'qui repellat aut', 'Et alias aliquam enim placeat animi rerum dolorum.', '78.00', 87, 0, 11, '2023-10-20 23:22:51', '2023-10-20 23:22:51'),
(16, 'consequuntur', 'Sit culpa nesciunt aut eveniet assumenda voluptatem repudiandae. Ab nostrum quibusdam ut atque.', '644.00', 77, 0, 16, '2023-10-20 23:22:51', '2023-10-20 23:22:51'),
(17, 'ut', 'Quo cumque a in at commodi nulla sunt.', '661.00', 41, 0, 9, '2023-10-20 23:22:51', '2023-10-20 23:22:51'),
(18, 'aut delectus', 'Ullam expedita commodi nesciunt error quod omnis. Accusamus aut aut porro voluptate ducimus fugit.', '828.00', 38, 0, 28, '2023-10-20 23:22:51', '2023-10-20 23:22:51'),
(19, 'asperiores omnis aperiam', 'Quibusdam eos hic molestias nisi harum quasi reprehenderit. Qui aut a dignissimos libero laborum.', '107.00', 22, 0, 4, '2023-10-20 23:22:51', '2023-10-20 23:22:51'),
(20, 'in culpa', 'Omnis et hic vero veritatis accusantium. Deleniti voluptatem temporibus repudiandae autem.', '625.00', 95, 0, 13, '2023-10-20 23:22:51', '2023-10-20 23:22:51'),
(21, 'voluptas non adipisci', 'Dicta natus facere est eum.', '330.00', 90, 0, 5, '2023-10-20 23:22:51', '2023-10-20 23:22:51'),
(22, 'inventore voluptatem laborum', 'Enim cum suscipit et qui consequuntur dignissimos. Voluptas natus labore vel ut.', '233.00', 51, 0, 6, '2023-10-20 23:22:51', '2023-10-20 23:22:51'),
(23, 'facere', 'Recusandae delectus rerum sed.', '556.00', 80, 0, 12, '2023-10-20 23:22:51', '2023-10-20 23:22:51'),
(24, 'enim repellendus numquam', 'Sapiente magni nostrum similique explicabo maiores numquam.', '441.00', 36, 0, 7, '2023-10-20 23:22:51', '2023-10-20 23:22:51'),
(25, 'omnis voluptas velit', 'Expedita et optio repudiandae ea corporis possimus quasi.', '508.00', 53, 0, 24, '2023-10-20 23:22:51', '2023-10-20 23:22:51'),
(26, 'nisi', 'Et nihil accusamus dolore cum.', '472.00', 80, 0, 25, '2023-10-20 23:22:51', '2023-10-20 23:22:51'),
(27, 'maxime et quisquam', 'Est et ex rem consequatur dolor. Non omnis consequatur ipsam impedit aut ullam non omnis.', '813.00', 85, 1, 11, '2023-10-20 23:22:51', '2023-10-20 23:22:51'),
(28, 'perferendis', 'Doloribus quasi id id sit error tempore nemo omnis.', '538.00', 3, 0, 35, '2023-10-20 23:22:51', '2023-10-20 23:22:51'),
(29, 'fugit', 'Tempora amet laboriosam et a sed placeat provident libero. Minima earum quia corrupti similique ad aut vitae.', '417.00', 77, 0, 17, '2023-10-20 23:22:51', '2023-10-20 23:22:51'),
(30, 'maxime', 'Ad eius sed et. Eius consequatur eveniet est qui iusto quo expedita.', '710.00', 54, 0, 34, '2023-10-20 23:22:51', '2023-10-20 23:22:51'),
(31, 'natus pariatur omnis', 'Voluptas molestias consectetur voluptas sit ut ipsam consequuntur.', '887.00', 87, 0, 17, '2023-10-20 23:22:51', '2023-10-20 23:22:51'),
(32, 'voluptate aliquam rem', 'Consequatur sit officiis aliquam ipsam.', '330.00', 12, 0, 22, '2023-10-20 23:22:51', '2023-10-20 23:22:51'),
(33, 'et consequatur minus', 'Quam id suscipit sunt temporibus enim quis nisi. Voluptatem molestiae voluptatem autem ut.', '282.00', 50, 0, 14, '2023-10-20 23:22:51', '2023-10-20 23:22:51'),
(34, 'et ratione', 'Deserunt sequi fugiat voluptate omnis officiis. Culpa quia repellat et sequi non repudiandae praesentium.', '963.00', 1, 0, 15, '2023-10-20 23:22:51', '2023-10-20 23:22:51'),
(35, 'voluptatem', 'Libero ab est quisquam beatae et non. Aliquam modi culpa necessitatibus.', '54.00', 75, 0, 13, '2023-10-20 23:22:51', '2023-10-20 23:22:51'),
(36, 'molestias nesciunt nihil', 'Ut ullam saepe quia ducimus tempora libero consequuntur.', '606.00', 22, 0, 26, '2023-10-20 23:22:51', '2023-10-20 23:22:51'),
(37, 'consequuntur quia soluta', 'Necessitatibus nihil est quam laborum dolorem cum eos. Saepe ut sunt fuga doloremque incidunt.', '933.00', 76, 0, 14, '2023-10-20 23:22:51', '2023-10-20 23:22:51'),
(38, 'vel aut', 'Voluptatibus doloremque nostrum provident repudiandae. Beatae nulla facere velit a eum nisi ab eius.', '152.00', 97, 0, 24, '2023-10-20 23:22:51', '2023-10-20 23:22:51'),
(39, 'ut at officia', 'Pariatur magni cum autem minima. Pariatur libero voluptatum ratione maxime autem laboriosam.', '754.00', 73, 0, 29, '2023-10-20 23:22:51', '2023-10-20 23:22:51'),
(40, 'molestiae illo in', 'Odio labore molestiae voluptate voluptatem.', '905.00', 27, 0, 9, '2023-10-20 23:22:51', '2023-10-20 23:22:51'),
(41, 'possimus', 'Sed aut delectus qui dolore nam accusamus sapiente.', '180.00', 59, 0, 35, '2023-10-20 23:22:51', '2023-10-20 23:22:51'),
(42, 'voluptas quod', 'Excepturi et ut et rem laborum.', '468.00', 25, 0, 31, '2023-10-20 23:22:51', '2023-10-20 23:22:51'),
(43, 'officia aut', 'Eaque et quae officiis non.', '571.00', 54, 0, 22, '2023-10-20 23:22:51', '2023-10-20 23:22:51'),
(44, 'corrupti sequi tempora', 'Harum voluptas tenetur quia sit tempora error est.', '253.00', 4, 0, 2, '2023-10-20 23:22:51', '2023-10-20 23:22:51'),
(45, 'alias sed', 'Dignissimos quibusdam facere et optio enim consequuntur tempore.', '133.00', 57, 0, 26, '2023-10-20 23:22:51', '2023-10-20 23:22:51'),
(46, 'sint veniam', 'Incidunt quae ad libero qui modi iure quia.', '560.00', 99, 0, 13, '2023-10-20 23:22:51', '2023-10-20 23:22:51'),
(47, 'ipsam', 'Perferendis officiis necessitatibus et consectetur.', '134.00', 44, 1, 1, '2023-10-20 23:22:51', '2023-10-20 23:22:51'),
(48, 'excepturi cumque', 'Est sint totam placeat. Repellendus sed assumenda sint debitis dolorem ut.', '251.00', 15, 0, 18, '2023-10-20 23:22:51', '2023-10-20 23:22:51'),
(49, 'ducimus saepe in', 'Ipsum enim illum nobis. Est ut nobis minus consequuntur sint.', '163.00', 89, 0, 28, '2023-10-20 23:22:51', '2023-10-20 23:22:51'),
(50, 'dolore', 'Corrupti nisi qui quo sunt debitis voluptas repudiandae.', '30.00', 98, 0, 17, '2023-10-20 23:22:51', '2023-10-20 23:22:51');

-- --------------------------------------------------------

--
-- Table structure for table `product_categories`
--

CREATE TABLE `product_categories` (
  `id` bigint(20) UNSIGNED NOT NULL,
  `product_id` bigint(20) UNSIGNED NOT NULL,
  `category_id` bigint(20) UNSIGNED NOT NULL,
  `created_at` timestamp NULL DEFAULT NULL,
  `updated_at` timestamp NULL DEFAULT NULL
) ENGINE=InnoDB DEFAULT CHARSET=utf8mb4 COLLATE=utf8mb4_unicode_ci;

--
-- Dumping data for table `product_categories`
--

INSERT INTO `product_categories` (`id`, `product_id`, `category_id`, `created_at`, `updated_at`) VALUES
(1, 19, 12, '2023-10-20 23:22:51', '2023-10-20 23:22:51'),
(2, 45, 4, '2023-10-20 23:22:51', '2023-10-20 23:22:51'),
(3, 49, 2, '2023-10-20 23:22:51', '2023-10-20 23:22:51'),
(4, 3, 6, '2023-10-20 23:22:51', '2023-10-20 23:22:51'),
(5, 38, 11, '2023-10-20 23:22:51', '2023-10-20 23:22:51'),
(6, 2, 16, '2023-10-20 23:22:51', '2023-10-20 23:22:51'),
(7, 20, 11, '2023-10-20 23:22:51', '2023-10-20 23:22:51'),
(8, 34, 3, '2023-10-20 23:22:51', '2023-10-20 23:22:51'),
(9, 34, 16, '2023-10-20 23:22:51', '2023-10-20 23:22:51'),
(10, 13, 5, '2023-10-20 23:22:51', '2023-10-20 23:22:51'),
(11, 21, 17, '2023-10-20 23:22:51', '2023-10-20 23:22:51'),
(12, 46, 14, '2023-10-20 23:22:51', '2023-10-20 23:22:51'),
(13, 12, 9, '2023-10-20 23:22:51', '2023-10-20 23:22:51'),
(14, 38, 12, '2023-10-20 23:22:51', '2023-10-20 23:22:51'),
(15, 42, 9, '2023-10-20 23:22:51', '2023-10-20 23:22:51'),
(16, 17, 8, '2023-10-20 23:22:51', '2023-10-20 23:22:51'),
(17, 20, 5, '2023-10-20 23:22:51', '2023-10-20 23:22:51'),
(18, 39, 2, '2023-10-20 23:22:51', '2023-10-20 23:22:51'),
(19, 46, 14, '2023-10-20 23:22:51', '2023-10-20 23:22:51'),
(20, 8, 9, '2023-10-20 23:22:51', '2023-10-20 23:22:51'),
(21, 5, 8, '2023-10-20 23:22:51', '2023-10-20 23:22:51'),
(22, 36, 4, '2023-10-20 23:22:51', '2023-10-20 23:22:51'),
(23, 31, 20, '2023-10-20 23:22:51', '2023-10-20 23:22:51'),
(24, 41, 3, '2023-10-20 23:22:51', '2023-10-20 23:22:51'),
(25, 25, 17, '2023-10-20 23:22:51', '2023-10-20 23:22:51'),
(26, 15, 13, '2023-10-20 23:22:51', '2023-10-20 23:22:51'),
(27, 46, 5, '2023-10-20 23:22:51', '2023-10-20 23:22:51'),
(28, 47, 14, '2023-10-20 23:22:51', '2023-10-20 23:22:51'),
(29, 48, 15, '2023-10-20 23:22:51', '2023-10-20 23:22:51'),
(30, 14, 6, '2023-10-20 23:22:51', '2023-10-20 23:22:51'),
(31, 17, 2, '2023-10-20 23:22:51', '2023-10-20 23:22:51'),
(32, 5, 14, '2023-10-20 23:22:51', '2023-10-20 23:22:51'),
(33, 27, 4, '2023-10-20 23:22:51', '2023-10-20 23:22:51'),
(34, 39, 8, '2023-10-20 23:22:51', '2023-10-20 23:22:51'),
(35, 8, 7, '2023-10-20 23:22:51', '2023-10-20 23:22:51'),
(36, 39, 16, '2023-10-20 23:22:51', '2023-10-20 23:22:51'),
(37, 36, 8, '2023-10-20 23:22:51', '2023-10-20 23:22:51'),
(38, 41, 11, '2023-10-20 23:22:51', '2023-10-20 23:22:51'),
(39, 16, 16, '2023-10-20 23:22:51', '2023-10-20 23:22:51'),
(40, 42, 5, '2023-10-20 23:22:51', '2023-10-20 23:22:51'),
(41, 24, 15, '2023-10-20 23:22:51', '2023-10-20 23:22:51'),
(42, 18, 5, '2023-10-20 23:22:51', '2023-10-20 23:22:51'),
(43, 33, 13, '2023-10-20 23:22:51', '2023-10-20 23:22:51'),
(44, 30, 9, '2023-10-20 23:22:51', '2023-10-20 23:22:51'),
(45, 26, 10, '2023-10-20 23:22:51', '2023-10-20 23:22:51'),
(46, 42, 12, '2023-10-20 23:22:51', '2023-10-20 23:22:51'),
(47, 49, 2, '2023-10-20 23:22:51', '2023-10-20 23:22:51'),
(48, 10, 8, '2023-10-20 23:22:51', '2023-10-20 23:22:51'),
(49, 21, 18, '2023-10-20 23:22:51', '2023-10-20 23:22:51'),
(50, 45, 19, '2023-10-20 23:22:51', '2023-10-20 23:22:51');

-- --------------------------------------------------------

--
-- Table structure for table `users`
--

CREATE TABLE `users` (
  `id` bigint(20) UNSIGNED NOT NULL,
  `name` varchar(255) COLLATE utf8mb4_unicode_ci NOT NULL,
  `email` varchar(255) COLLATE utf8mb4_unicode_ci NOT NULL,
  `email_verified_at` timestamp NULL DEFAULT NULL,
  `password` varchar(255) COLLATE utf8mb4_unicode_ci NOT NULL,
  `remember_token` varchar(100) COLLATE utf8mb4_unicode_ci DEFAULT NULL,
  `created_at` timestamp NULL DEFAULT NULL,
  `updated_at` timestamp NULL DEFAULT NULL
) ENGINE=InnoDB DEFAULT CHARSET=utf8mb4 COLLATE=utf8mb4_unicode_ci;

--
-- Dumping data for table `users`
--

INSERT INTO `users` (`id`, `name`, `email`, `email_verified_at`, `password`, `remember_token`, `created_at`, `updated_at`) VALUES
(1, 'Isaiah Price', 'gstreich@example.net', '2023-10-20 23:16:13', '$2y$10$92IXUNpkjO0rOQ5byMi.Ye4oKoEa3Ro9llC/.og/at2.uheWG/igi', 'gX5gIQ7bw2', '2023-10-20 23:16:13', '2023-10-20 23:16:13'),
(2, 'Aida Conn', 'ahermann@example.com', '2023-10-20 23:16:13', '$2y$10$92IXUNpkjO0rOQ5byMi.Ye4oKoEa3Ro9llC/.og/at2.uheWG/igi', 'dDIKROWvVS', '2023-10-20 23:16:13', '2023-10-20 23:16:13'),
(3, 'Lucienne Auer', 'reichel.marley@example.net', '2023-10-20 23:16:13', '$2y$10$92IXUNpkjO0rOQ5byMi.Ye4oKoEa3Ro9llC/.og/at2.uheWG/igi', 'm4r7IHBtEJ', '2023-10-20 23:16:13', '2023-10-20 23:16:13'),
(4, 'Jovany Ledner', 'lilly45@example.net', '2023-10-20 23:16:13', '$2y$10$92IXUNpkjO0rOQ5byMi.Ye4oKoEa3Ro9llC/.og/at2.uheWG/igi', 'uMcVwAsMLm', '2023-10-20 23:16:13', '2023-10-20 23:16:13'),
(5, 'Prof. Alexie Bergnaum PhD', 'schowalter.citlalli@example.org', '2023-10-20 23:16:13', '$2y$10$92IXUNpkjO0rOQ5byMi.Ye4oKoEa3Ro9llC/.og/at2.uheWG/igi', 'Hx7UO5LUth', '2023-10-20 23:16:13', '2023-10-20 23:16:13'),
(6, 'Terrell Thiel', 'nedra.emmerich@example.net', '2023-10-20 23:16:13', '$2y$10$92IXUNpkjO0rOQ5byMi.Ye4oKoEa3Ro9llC/.og/at2.uheWG/igi', '3w9ksxoeu6', '2023-10-20 23:16:13', '2023-10-20 23:16:13'),
(7, 'Holly Heidenreich', 'dangelo74@example.net', '2023-10-20 23:16:13', '$2y$10$92IXUNpkjO0rOQ5byMi.Ye4oKoEa3Ro9llC/.og/at2.uheWG/igi', 'xLEGjUzeyK', '2023-10-20 23:16:13', '2023-10-20 23:16:13'),
(8, 'Marcus Keeling', 'chelsea12@example.net', '2023-10-20 23:16:13', '$2y$10$92IXUNpkjO0rOQ5byMi.Ye4oKoEa3Ro9llC/.og/at2.uheWG/igi', 'pZg7d9WAut', '2023-10-20 23:16:13', '2023-10-20 23:16:13'),
(9, 'Prof. Bernardo Williamson IV', 'nelson30@example.net', '2023-10-20 23:16:13', '$2y$10$92IXUNpkjO0rOQ5byMi.Ye4oKoEa3Ro9llC/.og/at2.uheWG/igi', 'wO8O0pTNT5', '2023-10-20 23:16:13', '2023-10-20 23:16:13'),
(10, 'Ms. Marianne Breitenberg', 'nathanael.mosciski@example.com', '2023-10-20 23:16:13', '$2y$10$92IXUNpkjO0rOQ5byMi.Ye4oKoEa3Ro9llC/.og/at2.uheWG/igi', '6b2J4eTx5R', '2023-10-20 23:16:13', '2023-10-20 23:16:13'),
(11, 'Ayla Goyette', 'purdy.meghan@example.com', '2023-10-20 23:16:13', '$2y$10$92IXUNpkjO0rOQ5byMi.Ye4oKoEa3Ro9llC/.og/at2.uheWG/igi', 'm4qnPnttis', '2023-10-20 23:16:13', '2023-10-20 23:16:13'),
(12, 'Bailee Halvorson', 'eloy.quigley@example.org', '2023-10-20 23:16:13', '$2y$10$92IXUNpkjO0rOQ5byMi.Ye4oKoEa3Ro9llC/.og/at2.uheWG/igi', 'b52GW5u7D9', '2023-10-20 23:16:13', '2023-10-20 23:16:13'),
(13, 'Joannie Yost', 'hnolan@example.org', '2023-10-20 23:16:13', '$2y$10$92IXUNpkjO0rOQ5byMi.Ye4oKoEa3Ro9llC/.og/at2.uheWG/igi', 'rF65RJyhIT', '2023-10-20 23:16:13', '2023-10-20 23:16:13'),
(14, 'Imani Ankunding', 'bechtelar.helena@example.org', '2023-10-20 23:16:13', '$2y$10$92IXUNpkjO0rOQ5byMi.Ye4oKoEa3Ro9llC/.og/at2.uheWG/igi', 'yvICIcQTal', '2023-10-20 23:16:13', '2023-10-20 23:16:13'),
(15, 'Lea Frami', 'sterling.russel@example.org', '2023-10-20 23:16:13', '$2y$10$92IXUNpkjO0rOQ5byMi.Ye4oKoEa3Ro9llC/.og/at2.uheWG/igi', 'toyHSj7J4B', '2023-10-20 23:16:13', '2023-10-20 23:16:13'),
(16, 'Heloise Parisian', 'berge.celestino@example.com', '2023-10-20 23:16:13', '$2y$10$92IXUNpkjO0rOQ5byMi.Ye4oKoEa3Ro9llC/.og/at2.uheWG/igi', 'JL8ZSg5iqr', '2023-10-20 23:16:13', '2023-10-20 23:16:13'),
(17, 'Estell Rippin MD', 'alyson18@example.net', '2023-10-20 23:16:13', '$2y$10$92IXUNpkjO0rOQ5byMi.Ye4oKoEa3Ro9llC/.og/at2.uheWG/igi', 'otyBkGQbGo', '2023-10-20 23:16:13', '2023-10-20 23:16:13'),
(18, 'Mrs. Halie Towne', 'russel.johns@example.com', '2023-10-20 23:16:13', '$2y$10$92IXUNpkjO0rOQ5byMi.Ye4oKoEa3Ro9llC/.og/at2.uheWG/igi', 'kisk8b2TNR', '2023-10-20 23:16:13', '2023-10-20 23:16:13'),
(19, 'Guadalupe Kertzmann', 'kris09@example.net', '2023-10-20 23:16:13', '$2y$10$92IXUNpkjO0rOQ5byMi.Ye4oKoEa3Ro9llC/.og/at2.uheWG/igi', 'HjY8ZUqSKs', '2023-10-20 23:16:13', '2023-10-20 23:16:13'),
(20, 'Angeline Wolf I', 'uullrich@example.org', '2023-10-20 23:16:13', '$2y$10$92IXUNpkjO0rOQ5byMi.Ye4oKoEa3Ro9llC/.og/at2.uheWG/igi', '0cmzUKN2Pu', '2023-10-20 23:16:13', '2023-10-20 23:16:13');

-- --------------------------------------------------------

--
-- Table structure for table `wishlists`
--

CREATE TABLE `wishlists` (
  `id` bigint(20) UNSIGNED NOT NULL,
  `product_id` bigint(20) UNSIGNED NOT NULL,
  `user_id` bigint(20) UNSIGNED NOT NULL,
  `created_at` timestamp NULL DEFAULT NULL,
  `updated_at` timestamp NULL DEFAULT NULL
) ENGINE=InnoDB DEFAULT CHARSET=utf8mb4 COLLATE=utf8mb4_unicode_ci;

--
-- Dumping data for table `wishlists`
--

INSERT INTO `wishlists` (`id`, `product_id`, `user_id`, `created_at`, `updated_at`) VALUES
(1, 24, 9, '2023-10-20 23:38:37', '2023-10-20 23:38:37'),
(2, 38, 12, '2023-10-20 23:38:37', '2023-10-20 23:38:37'),
(3, 30, 13, '2023-10-20 23:38:37', '2023-10-20 23:38:37'),
(4, 35, 3, '2023-10-20 23:38:37', '2023-10-20 23:38:37'),
(5, 4, 9, '2023-10-20 23:38:37', '2023-10-20 23:38:37'),
(6, 3, 7, '2023-10-20 23:38:37', '2023-10-20 23:38:37'),
(7, 13, 1, '2023-10-20 23:38:37', '2023-10-20 23:38:37'),
(8, 28, 3, '2023-10-20 23:38:37', '2023-10-20 23:38:37'),
(9, 10, 3, '2023-10-20 23:38:37', '2023-10-20 23:38:37'),
(10, 16, 4, '2023-10-20 23:38:37', '2023-10-20 23:38:37'),
(11, 20, 4, '2023-10-20 23:38:37', '2023-10-20 23:38:37'),
(12, 35, 6, '2023-10-20 23:38:37', '2023-10-20 23:38:37'),
(13, 45, 7, '2023-10-20 23:38:37', '2023-10-20 23:38:37'),
(14, 33, 3, '2023-10-20 23:38:37', '2023-10-20 23:38:37'),
(15, 13, 10, '2023-10-20 23:38:37', '2023-10-20 23:38:37'),
(16, 6, 18, '2023-10-20 23:38:37', '2023-10-20 23:38:37'),
(17, 46, 2, '2023-10-20 23:38:37', '2023-10-20 23:38:37'),
(18, 48, 20, '2023-10-20 23:38:37', '2023-10-20 23:38:37'),
(19, 14, 3, '2023-10-20 23:38:37', '2023-10-20 23:38:37'),
(20, 35, 3, '2023-10-20 23:38:37', '2023-10-20 23:38:37'),
(21, 40, 10, '2023-10-20 23:38:37', '2023-10-20 23:38:37'),
(22, 3, 6, '2023-10-20 23:38:37', '2023-10-20 23:38:37'),
(23, 3, 11, '2023-10-20 23:38:37', '2023-10-20 23:38:37'),
(24, 13, 11, '2023-10-20 23:38:37', '2023-10-20 23:38:37'),
(25, 27, 8, '2023-10-20 23:38:37', '2023-10-20 23:38:37'),
(26, 31, 7, '2023-10-20 23:38:37', '2023-10-20 23:38:37'),
(27, 6, 18, '2023-10-20 23:38:37', '2023-10-20 23:38:37'),
(28, 24, 20, '2023-10-20 23:38:37', '2023-10-20 23:38:37'),
(29, 9, 19, '2023-10-20 23:38:37', '2023-10-20 23:38:37'),
(30, 2, 16, '2023-10-20 23:38:37', '2023-10-20 23:38:37'),
(31, 13, 4, '2023-10-20 23:38:37', '2023-10-20 23:38:37'),
(32, 1, 9, '2023-10-20 23:38:37', '2023-10-20 23:38:37'),
(33, 25, 5, '2023-10-20 23:38:37', '2023-10-20 23:38:37'),
(34, 18, 12, '2023-10-20 23:38:37', '2023-10-20 23:38:37'),
(35, 40, 4, '2023-10-20 23:38:37', '2023-10-20 23:38:37'),
(36, 22, 5, '2023-10-20 23:38:37', '2023-10-20 23:38:37'),
(37, 47, 11, '2023-10-20 23:38:37', '2023-10-20 23:38:37'),
(38, 19, 17, '2023-10-20 23:38:37', '2023-10-20 23:38:37'),
(39, 43, 13, '2023-10-20 23:38:37', '2023-10-20 23:38:37'),
(40, 27, 1, '2023-10-20 23:38:37', '2023-10-20 23:38:37'),
(41, 18, 18, '2023-10-20 23:38:37', '2023-10-20 23:38:37'),
(42, 5, 17, '2023-10-20 23:38:37', '2023-10-20 23:38:37'),
(43, 33, 3, '2023-10-20 23:38:37', '2023-10-20 23:38:37'),
(44, 40, 10, '2023-10-20 23:38:37', '2023-10-20 23:38:37'),
(45, 42, 4, '2023-10-20 23:38:37', '2023-10-20 23:38:37'),
(46, 7, 15, '2023-10-20 23:38:37', '2023-10-20 23:38:37'),
(47, 43, 1, '2023-10-20 23:38:37', '2023-10-20 23:38:37'),
(48, 25, 14, '2023-10-20 23:38:37', '2023-10-20 23:38:37'),
(49, 2, 10, '2023-10-20 23:38:37', '2023-10-20 23:38:37'),
(50, 30, 1, '2023-10-20 23:38:37', '2023-10-20 23:38:37'),
(51, 17, 5, '2023-10-20 23:38:37', '2023-10-20 23:38:37'),
(52, 29, 15, '2023-10-20 23:38:37', '2023-10-20 23:38:37'),
(53, 47, 17, '2023-10-20 23:38:37', '2023-10-20 23:38:37'),
(54, 30, 8, '2023-10-20 23:38:37', '2023-10-20 23:38:37'),
(55, 3, 17, '2023-10-20 23:38:37', '2023-10-20 23:38:37'),
(56, 36, 9, '2023-10-20 23:38:37', '2023-10-20 23:38:37'),
(57, 49, 1, '2023-10-20 23:38:37', '2023-10-20 23:38:37'),
(58, 5, 11, '2023-10-20 23:38:37', '2023-10-20 23:38:37'),
(59, 7, 6, '2023-10-20 23:38:37', '2023-10-20 23:38:37'),
(60, 21, 10, '2023-10-20 23:38:37', '2023-10-20 23:38:37'),
(61, 37, 3, '2023-10-20 23:38:37', '2023-10-20 23:38:37'),
(62, 27, 2, '2023-10-20 23:38:37', '2023-10-20 23:38:37'),
(63, 7, 1, '2023-10-20 23:38:37', '2023-10-20 23:38:37'),
(64, 15, 9, '2023-10-20 23:38:37', '2023-10-20 23:38:37'),
(65, 40, 19, '2023-10-20 23:38:37', '2023-10-20 23:38:37'),
(66, 36, 1, '2023-10-20 23:38:37', '2023-10-20 23:38:37'),
(67, 4, 13, '2023-10-20 23:38:37', '2023-10-20 23:38:37'),
(68, 13, 6, '2023-10-20 23:38:37', '2023-10-20 23:38:37'),
(69, 43, 10, '2023-10-20 23:38:37', '2023-10-20 23:38:37'),
(70, 25, 8, '2023-10-20 23:38:37', '2023-10-20 23:38:37'),
(71, 14, 3, '2023-10-20 23:38:37', '2023-10-20 23:38:37'),
(72, 1, 6, '2023-10-20 23:38:37', '2023-10-20 23:38:37'),
(73, 48, 13, '2023-10-20 23:38:37', '2023-10-20 23:38:37'),
(74, 8, 2, '2023-10-20 23:38:37', '2023-10-20 23:38:37'),
(75, 36, 8, '2023-10-20 23:38:37', '2023-10-20 23:38:37'),
(76, 36, 11, '2023-10-20 23:38:37', '2023-10-20 23:38:37'),
(77, 36, 5, '2023-10-20 23:38:37', '2023-10-20 23:38:37'),
(78, 37, 7, '2023-10-20 23:38:37', '2023-10-20 23:38:37'),
(79, 17, 4, '2023-10-20 23:38:37', '2023-10-20 23:38:37'),
(80, 31, 10, '2023-10-20 23:38:37', '2023-10-20 23:38:37'),
(81, 34, 4, '2023-10-20 23:38:37', '2023-10-20 23:38:37'),
(82, 40, 15, '2023-10-20 23:38:37', '2023-10-20 23:38:37'),
(83, 45, 18, '2023-10-20 23:38:37', '2023-10-20 23:38:37'),
(84, 17, 19, '2023-10-20 23:38:37', '2023-10-20 23:38:37'),
(85, 37, 14, '2023-10-20 23:38:37', '2023-10-20 23:38:37'),
(86, 6, 2, '2023-10-20 23:38:37', '2023-10-20 23:38:37'),
(87, 39, 15, '2023-10-20 23:38:37', '2023-10-20 23:38:37'),
(88, 9, 18, '2023-10-20 23:38:37', '2023-10-20 23:38:37'),
(89, 4, 17, '2023-10-20 23:38:37', '2023-10-20 23:38:37'),
(90, 35, 15, '2023-10-20 23:38:37', '2023-10-20 23:38:37'),
(91, 3, 14, '2023-10-20 23:38:37', '2023-10-20 23:38:37'),
(92, 35, 11, '2023-10-20 23:38:37', '2023-10-20 23:38:37'),
(93, 28, 17, '2023-10-20 23:38:37', '2023-10-20 23:38:37'),
(94, 22, 3, '2023-10-20 23:38:37', '2023-10-20 23:38:37'),
(95, 3, 19, '2023-10-20 23:38:37', '2023-10-20 23:38:37'),
(96, 45, 17, '2023-10-20 23:38:37', '2023-10-20 23:38:37'),
(97, 6, 7, '2023-10-20 23:38:37', '2023-10-20 23:38:37'),
(98, 16, 18, '2023-10-20 23:38:37', '2023-10-20 23:38:37'),
(99, 6, 6, '2023-10-20 23:38:37', '2023-10-20 23:38:37'),
(100, 44, 4, '2023-10-20 23:38:37', '2023-10-20 23:38:37');

--
-- Indexes for dumped tables
--

--
-- Indexes for table `brands`
--
ALTER TABLE `brands`
  ADD PRIMARY KEY (`id`),
  ADD KEY `brands_media_id_foreign` (`media_id`);

--
-- Indexes for table `categories`
--
ALTER TABLE `categories`
  ADD PRIMARY KEY (`id`),
  ADD KEY `categories_media_id_foreign` (`media_id`);

--
-- Indexes for table `media`
--
ALTER TABLE `media`
  ADD PRIMARY KEY (`id`);

--
-- Indexes for table `migrations`
--
ALTER TABLE `migrations`
  ADD PRIMARY KEY (`id`);

--
-- Indexes for table `orders`
--
ALTER TABLE `orders`
  ADD PRIMARY KEY (`id`),
  ADD KEY `orders_buyer_id_foreign` (`buyer_id`);

--
-- Indexes for table `order_items`
--
ALTER TABLE `order_items`
  ADD PRIMARY KEY (`id`),
  ADD KEY `order_items_order_id_foreign` (`order_id`),
  ADD KEY `order_items_product_id_foreign` (`product_id`);

--
-- Indexes for table `personal_access_tokens`
--
ALTER TABLE `personal_access_tokens`
  ADD PRIMARY KEY (`id`),
  ADD UNIQUE KEY `personal_access_tokens_token_unique` (`token`),
  ADD KEY `personal_access_tokens_tokenable_type_tokenable_id_index` (`tokenable_type`,`tokenable_id`);

--
-- Indexes for table `products`
--
ALTER TABLE `products`
  ADD PRIMARY KEY (`id`),
  ADD KEY `products_media_id_foreign` (`media_id`);

--
-- Indexes for table `product_categories`
--
ALTER TABLE `product_categories`
  ADD PRIMARY KEY (`id`),
  ADD KEY `product_categories_product_id_foreign` (`product_id`),
  ADD KEY `product_categories_category_id_foreign` (`category_id`);

--
-- Indexes for table `users`
--
ALTER TABLE `users`
  ADD PRIMARY KEY (`id`),
  ADD UNIQUE KEY `users_email_unique` (`email`);

--
-- Indexes for table `wishlists`
--
ALTER TABLE `wishlists`
  ADD PRIMARY KEY (`id`),
  ADD KEY `wishlists_product_id_foreign` (`product_id`),
  ADD KEY `wishlists_user_id_foreign` (`user_id`);

--
-- AUTO_INCREMENT for dumped tables
--

--
-- AUTO_INCREMENT for table `brands`
--
ALTER TABLE `brands`
  MODIFY `id` bigint(20) UNSIGNED NOT NULL AUTO_INCREMENT, AUTO_INCREMENT=21;

--
-- AUTO_INCREMENT for table `categories`
--
ALTER TABLE `categories`
  MODIFY `id` bigint(20) UNSIGNED NOT NULL AUTO_INCREMENT, AUTO_INCREMENT=21;

--
-- AUTO_INCREMENT for table `media`
--
ALTER TABLE `media`
  MODIFY `id` bigint(20) UNSIGNED NOT NULL AUTO_INCREMENT, AUTO_INCREMENT=36;

--
-- AUTO_INCREMENT for table `migrations`
--
ALTER TABLE `migrations`
  MODIFY `id` int(10) UNSIGNED NOT NULL AUTO_INCREMENT, AUTO_INCREMENT=12;

--
-- AUTO_INCREMENT for table `orders`
--
ALTER TABLE `orders`
  MODIFY `id` bigint(20) UNSIGNED NOT NULL AUTO_INCREMENT, AUTO_INCREMENT=51;

--
-- AUTO_INCREMENT for table `order_items`
--
ALTER TABLE `order_items`
  MODIFY `id` bigint(20) UNSIGNED NOT NULL AUTO_INCREMENT, AUTO_INCREMENT=201;

--
-- AUTO_INCREMENT for table `personal_access_tokens`
--
ALTER TABLE `personal_access_tokens`
  MODIFY `id` bigint(20) UNSIGNED NOT NULL AUTO_INCREMENT;

--
-- AUTO_INCREMENT for table `products`
--
ALTER TABLE `products`
  MODIFY `id` bigint(20) UNSIGNED NOT NULL AUTO_INCREMENT, AUTO_INCREMENT=52;

--
-- AUTO_INCREMENT for table `product_categories`
--
ALTER TABLE `product_categories`
  MODIFY `id` bigint(20) UNSIGNED NOT NULL AUTO_INCREMENT, AUTO_INCREMENT=51;

--
-- AUTO_INCREMENT for table `users`
--
ALTER TABLE `users`
  MODIFY `id` bigint(20) UNSIGNED NOT NULL AUTO_INCREMENT, AUTO_INCREMENT=21;

--
-- AUTO_INCREMENT for table `wishlists`
--
ALTER TABLE `wishlists`
  MODIFY `id` bigint(20) UNSIGNED NOT NULL AUTO_INCREMENT, AUTO_INCREMENT=101;

--
-- Constraints for dumped tables
--

--
-- Constraints for table `brands`
--
ALTER TABLE `brands`
  ADD CONSTRAINT `brands_media_id_foreign` FOREIGN KEY (`media_id`) REFERENCES `media` (`id`) ON DELETE CASCADE ON UPDATE CASCADE;

--
-- Constraints for table `categories`
--
ALTER TABLE `categories`
  ADD CONSTRAINT `categories_media_id_foreign` FOREIGN KEY (`media_id`) REFERENCES `media` (`id`) ON DELETE CASCADE ON UPDATE CASCADE;

--
-- Constraints for table `orders`
--
ALTER TABLE `orders`
  ADD CONSTRAINT `orders_buyer_id_foreign` FOREIGN KEY (`buyer_id`) REFERENCES `users` (`id`) ON DELETE CASCADE ON UPDATE CASCADE;

--
-- Constraints for table `order_items`
--
ALTER TABLE `order_items`
  ADD CONSTRAINT `order_items_order_id_foreign` FOREIGN KEY (`order_id`) REFERENCES `orders` (`id`) ON DELETE CASCADE ON UPDATE CASCADE,
  ADD CONSTRAINT `order_items_product_id_foreign` FOREIGN KEY (`product_id`) REFERENCES `products` (`id`) ON DELETE CASCADE ON UPDATE CASCADE;

--
-- Constraints for table `products`
--
ALTER TABLE `products`
  ADD CONSTRAINT `products_media_id_foreign` FOREIGN KEY (`media_id`) REFERENCES `media` (`id`) ON DELETE CASCADE ON UPDATE CASCADE;

--
-- Constraints for table `product_categories`
--
ALTER TABLE `product_categories`
  ADD CONSTRAINT `product_categories_category_id_foreign` FOREIGN KEY (`category_id`) REFERENCES `categories` (`id`) ON DELETE CASCADE ON UPDATE CASCADE,
  ADD CONSTRAINT `product_categories_product_id_foreign` FOREIGN KEY (`product_id`) REFERENCES `products` (`id`) ON DELETE CASCADE ON UPDATE CASCADE;

--
-- Constraints for table `wishlists`
--
ALTER TABLE `wishlists`
  ADD CONSTRAINT `wishlists_product_id_foreign` FOREIGN KEY (`product_id`) REFERENCES `products` (`id`) ON DELETE CASCADE ON UPDATE CASCADE,
  ADD CONSTRAINT `wishlists_user_id_foreign` FOREIGN KEY (`user_id`) REFERENCES `users` (`id`) ON DELETE CASCADE ON UPDATE CASCADE;
COMMIT;

/*!40101 SET CHARACTER_SET_CLIENT=@OLD_CHARACTER_SET_CLIENT */;
/*!40101 SET CHARACTER_SET_RESULTS=@OLD_CHARACTER_SET_RESULTS */;
/*!40101 SET COLLATION_CONNECTION=@OLD_COLLATION_CONNECTION */;
